rsid	chromosome	position	genotype	duplicate_status	chromosome_status	position_status	genotype_status	missing_status	harmonization_status	harmonization_reason
rs1001	1	10583	AG	PASS	PASS	PASS	PASS	PASS	PASS	Observed genotype alleles are compatible with the reference alleles.
rs1002	1	10611	CC	PASS	PASS	PASS	PASS	PASS	PASS	Observed genotype alleles are compatible with the reference alleles.
rs1003	2	20541	TT	PASS	PASS	PASS	PASS	PASS	PASS	Observed genotype alleles are compatible with the reference alleles.
rs1004	2	20999	--	PASS	PASS	PASS	PASS	SKIP	SKIP	Missing genotype; harmonization skipped.
rs1005	3	30101	AT	PASS	PASS	PASS	PASS	PASS	WARN	Ambiguous A/T or C/G variant; real workflows require allele-frequency-aware handling.
rs1006	3	30202	CG	PASS	PASS	PASS	PASS	PASS	WARN	Ambiguous A/T or C/G variant; real workflows require allele-frequency-aware handling.
rs1007	X	40001	AA	PASS	WARN	PASS	PASS	PASS	WARN	Variant is absent from the synthetic reference table.
rs1008	4	0	GG	PASS	PASS	FAIL	PASS	PASS	WARN	Variant is absent from the synthetic reference table.
rs1009	5	50123	A0	PASS	PASS	PASS	FAIL	PASS	WARN	Variant is absent from the synthetic reference table.
rs1010	6	60123	GT	WARN	PASS	PASS	PASS	PASS	PASS	Observed genotype alleles are compatible with the reference alleles.
rs1010	6	60123	GT	WARN	PASS	PASS	PASS	PASS	PASS	Observed genotype alleles are compatible with the reference alleles.
rs1011	7	70123	AC	PASS	PASS	PASS	PASS	PASS	PASS	Observed genotype alleles are compatible with the reference alleles.
